{"class_name": "Sequential", "config": [{"class_name": "Dense", "config": {"activity_regularizer": null, "input_dim": null, "output_dim": 256, "activation": "linear", "b_constraint": null, "b_regularizer": null, "name": "dense_1", "batch_input_shape": [null, 14], "init": "glorot_uniform", "W_regularizer": null, "trainable": true, "W_constraint": null, "input_dtype": "float32"}}, {"class_name": "Activation", "config": {"activation": "sigmoid", "trainable": true, "name": "activation_1"}}, {"class_name": "Dense", "config": {"activity_regularizer": null, "init": "glorot_uniform", "input_dim": null, "output_dim": 128, "W_constraint": null, "activation": "linear", "b_constraint": null, "trainable": true, "W_regularizer": null, "name": "dense_2", "b_regularizer": null}}, {"class_name": "Activation", "config": {"activation": "sigmoid", "trainable": true, "name": "activation_2"}}, {"class_name": "Dense", "config": {"activity_regularizer": null, "init": "glorot_uniform", "input_dim": null, "output_dim": 64, "W_constraint": null, "activation": "linear", "b_constraint": null, "trainable": true, "W_regularizer": null, "name": "dense_3", "b_regularizer": null}}, {"class_name": "Activation", "config": {"activation": "sigmoid", "trainable": true, "name": "activation_3"}}, {"class_name": "Dense", "config": {"activity_regularizer": null, "init": "glorot_uniform", "input_dim": null, "output_dim": 8, "W_constraint": null, "activation": "linear", "b_constraint": null, "trainable": true, "W_regularizer": null, "name": "dense_4", "b_regularizer": null}}, {"class_name": "Activation", "config": {"activation": "sigmoid", "trainable": true, "name": "activation_4"}}, {"class_name": "Dense", "config": {"activity_regularizer": null, "init": "glorot_uniform", "input_dim": null, "output_dim": 4, "W_constraint": null, "activation": "linear", "b_constraint": null, "trainable": true, "W_regularizer": null, "name": "dense_5", "b_regularizer": null}}, {"class_name": "Activation", "config": {"activation": "sigmoid", "trainable": true, "name": "activation_5"}}, {"class_name": "Dense", "config": {"activity_regularizer": null, "init": "glorot_uniform", "input_dim": null, "output_dim": 1, "W_constraint": null, "activation": "linear", "b_constraint": null, "trainable": true, "W_regularizer": null, "name": "dense_6", "b_regularizer": null}}]}