{"class_name": "Sequential", "config": [{"class_name": "Dense", "config": {"b_constraint": null, "activation": "linear", "batch_input_shape": [null, 14], "input_dtype": "float32", "trainable": true, "W_regularizer": null, "output_dim": 128, "name": "dense_64", "b_regularizer": null, "input_dim": null, "W_constraint": null, "activity_regularizer": null, "init": "glorot_uniform"}}, {"class_name": "Activation", "config": {"name": "activation_64", "activation": "relu", "trainable": true}}, {"class_name": "Dense", "config": {"b_constraint": null, "name": "dense_65", "activation": "linear", "input_dim": null, "trainable": true, "b_regularizer": null, "W_constraint": null, "activity_regularizer": null, "W_regularizer": null, "output_dim": 64, "init": "glorot_uniform"}}, {"class_name": "Activation", "config": {"name": "activation_65", "activation": "relu", "trainable": true}}, {"class_name": "Dense", "config": {"b_constraint": null, "name": "dense_66", "activation": "linear", "input_dim": null, "trainable": true, "b_regularizer": null, "W_constraint": null, "activity_regularizer": null, "W_regularizer": null, "output_dim": 32, "init": "glorot_uniform"}}, {"class_name": "Activation", "config": {"name": "activation_66", "activation": "relu", "trainable": true}}, {"class_name": "Dense", "config": {"b_constraint": null, "name": "dense_67", "activation": "linear", "input_dim": null, "trainable": true, "b_regularizer": null, "W_constraint": null, "activity_regularizer": null, "W_regularizer": null, "output_dim": 16, "init": "glorot_uniform"}}, {"class_name": "Activation", "config": {"name": "activation_67", "activation": "relu", "trainable": true}}, {"class_name": "Dense", "config": {"b_constraint": null, "name": "dense_68", "activation": "linear", "input_dim": null, "trainable": true, "b_regularizer": null, "W_constraint": null, "activity_regularizer": null, "W_regularizer": null, "output_dim": 8, "init": "glorot_uniform"}}, {"class_name": "Activation", "config": {"name": "activation_68", "activation": "relu", "trainable": true}}, {"class_name": "Dense", "config": {"b_constraint": null, "name": "dense_69", "activation": "linear", "input_dim": null, "trainable": true, "b_regularizer": null, "W_constraint": null, "activity_regularizer": null, "W_regularizer": null, "output_dim": 4, "init": "glorot_uniform"}}, {"class_name": "Activation", "config": {"name": "activation_69", "activation": "relu", "trainable": true}}, {"class_name": "Dense", "config": {"b_constraint": null, "name": "dense_70", "activation": "linear", "input_dim": null, "trainable": true, "b_regularizer": null, "W_constraint": null, "activity_regularizer": null, "W_regularizer": null, "output_dim": 2, "init": "glorot_uniform"}}, {"class_name": "Activation", "config": {"name": "activation_70", "activation": "sigmoid", "trainable": true}}]}